    {
    "id": "com.microsoft.test.parth0511",
    "name": "JS Parth0511",
    "description": "parth0511",
    "provider": {
        "name": "Microsoft",
        "websiteUrl": "https://www.microsoft.com/",
        "privacyUrl": "https://www.microsoft.com/privacy",
        "termsOfUseUrl": "https://www.microsoft.com/app-tos"
    },
    "icon": "images/appIcon.png",
    "version": "1.0.1",
    "views": {
        "CardView": {
            "sourceLocation": "json/cardView.json"
        },
        "LaunchView": {
            "sourceLocation": "html/createView.html",
            "header": "parth0511 Create View"
        },
        "UpdateView": {
            "sourceLocation": "html/updateView.html",
            "header": "parth0511 Update View"
        },
        "DetailView": {
            "sourceLocation": "html/detailView.html",
            "header": "parth0511 Detail View"
        }
    },
    "localizationInfo": {
        "defaultLocale": "en-us",
        "localeFiles": {
            "en-us": "strings/strings.json"
        }
    }
}
